,label
image_2,10
image_3,10
image_4,10
image_7,10
image_11,10
image_12,10
image_15,10
image_17,10
image_18,10
image_20,10
image_21,10
image_22,10
image_24,5
image_26,6
image_29,10
image_31,10
image_34,10
image_36,10
image_39,10
image_44,10
image_46,10
image_47,10
image_49,10
image_50,10
image_51,10
image_54,10
image_55,10
image_56,10
image_60,10
image_61,10
image_65,10
image_66,10
image_67,10
image_68,10
image_69,10
image_70,10
image_78,10
image_79,10
image_80,10
image_81,10
image_83,10
image_85,10
image_86,10
image_87,5
image_88,10
image_89,2
image_90,10
image_91,10
image_92,5
image_93,10
image_95,10
image_98,10
image_100,10
image_101,10
image_102,10
image_104,10
image_105,10
image_106,10
image_107,10
image_108,10
image_111,10
image_112,3
image_114,10
image_118,10
image_119,10
image_121,10
image_123,10
image_126,10
image_128,10
image_129,6
image_133,4
image_138,10
image_140,10
image_141,10
image_142,8
image_144,10
image_145,10
image_149,10
image_153,10
image_155,10
image_156,10
image_159,10
image_160,10
image_161,10
image_162,10
image_163,10
image_165,10
image_169,10
image_170,10
image_173,10
image_175,10
image_177,10
image_179,10
image_183,10
image_184,10
image_185,10
image_186,10
image_187,10
image_189,10
image_190,10
image_191,10
image_192,10
image_194,10
image_200,10
image_202,10
image_203,10
image_204,10
image_209,10
image_210,10
image_211,10
image_213,10
image_214,6
image_217,10
image_218,10
image_226,10
image_228,10
image_229,10
image_230,10
image_232,10
image_234,10
image_237,10
image_238,10
image_239,10
image_240,10
image_242,10
image_247,10
image_248,10
image_249,10
image_251,10
image_255,10
image_258,10
image_264,10
image_266,10
image_267,10
image_268,10
image_270,10
image_271,10
image_272,10
image_273,10
image_274,10
image_276,10
image_277,10
image_278,10
image_280,10
image_282,10
image_283,10
image_284,10
image_291,10
image_292,10
image_293,10
image_294,10
image_295,10
image_299,10
image_300,10
image_301,10
image_303,10
image_304,10
image_305,10
image_306,10
image_307,10
image_308,10
image_311,10
image_313,10
image_318,10
image_321,10
image_323,10
image_325,10
image_328,6
image_329,6
image_330,10
image_331,10
image_333,10
image_334,10
image_338,10
image_339,10
image_342,10
image_345,10
image_346,10
image_348,10
image_349,10
image_350,10
image_351,10
image_352,10
image_353,10
image_354,10
image_355,10
image_356,10
image_357,10
image_361,10
image_363,10
image_364,10
image_366,10
image_370,10
image_371,10
image_373,10
image_374,10
image_375,10
image_377,10
image_378,10
image_379,10
image_382,10
image_384,10
image_386,10
image_388,10
image_389,10
image_391,10
image_392,6
image_394,10
image_395,10
image_396,10
image_397,10
image_407,10
image_409,10
image_410,10
image_412,10
image_413,10
image_415,10
image_418,10
image_419,10
image_422,10
image_424,10
image_427,10
image_428,6
image_429,10
image_430,10
image_431,10
image_434,10
image_435,10
image_439,10
image_440,10
image_441,10
image_444,10
image_447,10
image_449,10
image_452,10
image_454,10
image_455,10
image_457,10
image_458,10
image_459,10
image_463,10
image_464,10
image_466,10
image_467,10
image_468,10
image_469,10
image_470,10
image_471,6
image_472,10
image_473,10
image_474,10
image_475,10
image_480,10
image_481,10
image_482,10
image_484,10
image_486,10
image_487,10
image_489,10
image_490,10
image_492,10
image_493,10
image_495,10
image_496,10
image_497,10
image_502,1
image_504,1
image_505,6
image_506,1
image_507,1
image_510,1
image_512,1
image_518,1
image_522,1
image_523,1
image_525,1
image_526,1
image_534,1
image_537,1
image_538,1
image_539,1
image_547,1
image_548,1
image_551,1
image_554,1
image_555,1
image_557,1
image_559,1
image_562,1
image_563,1
image_565,1
image_567,1
image_568,1
image_569,8
image_571,1
image_574,1
image_575,1
image_576,1
image_579,1
image_580,1
image_581,1
image_582,1
image_584,1
image_585,1
image_586,1
image_589,1
image_595,1
image_596,1
image_599,1
image_601,1
image_604,1
image_605,1
image_606,1
image_608,1
image_611,1
image_613,1
image_615,1
image_616,1
image_617,1
image_618,1
image_619,1
image_620,1
image_624,1
image_627,1
image_628,1
image_630,1
image_631,1
image_632,1
image_633,1
image_635,1
image_642,1
image_644,1
image_646,1
image_647,1
image_648,1
image_650,1
image_652,1
image_654,1
image_656,1
image_658,1
image_659,1
image_660,1
image_662,1
image_663,1
image_665,1
image_671,1
image_673,1
image_674,1
image_677,1
image_681,1
image_682,1
image_687,1
image_689,1
image_693,1
image_694,1
image_700,8
image_701,1
image_716,1
image_717,1
image_720,1
image_722,1
image_723,1
image_724,8
image_725,1
image_727,1
image_728,1
image_732,1
image_733,1
image_734,1
image_735,1
image_736,1
image_737,1
image_738,1
image_743,1
image_744,1
image_745,1
image_748,1
image_749,1
image_750,1
image_752,1
image_754,1
image_755,1
image_756,1
image_759,1
image_760,1
image_762,1
image_763,1
image_765,2
image_766,1
image_767,8
image_768,1
image_771,1
image_772,1
image_773,1
image_774,1
image_776,1
image_779,1
image_780,1
image_785,1
image_787,1
image_791,1
image_795,1
image_796,1
image_798,1
image_799,1
image_802,1
image_806,1
image_807,1
image_808,1
image_809,1
image_811,1
image_812,1
image_813,1
image_814,1
image_817,1
image_818,8
image_820,1
image_822,1
image_823,1
image_824,1
image_825,1
image_828,8
image_829,1
image_830,1
image_835,1
image_838,1
image_839,1
image_842,1
image_843,1
image_846,1
image_847,1
image_848,1
image_851,1
image_853,1
image_854,1
image_855,1
image_856,1
image_858,1
image_860,1
image_861,1
image_864,1
image_865,1
image_866,1
image_867,1
image_868,1
image_870,1
image_874,1
image_875,1
image_876,1
image_877,1
image_878,1
image_881,1
image_882,1
image_883,1
image_884,1
image_885,1
image_889,1
image_892,1
image_895,1
image_899,1
image_900,1
image_901,1
image_902,1
image_907,1
image_911,1
image_912,1
image_913,1
image_914,1
image_919,1
image_920,1
image_922,1
image_923,1
image_924,1
image_929,1
image_935,1
image_937,1
image_938,1
image_941,1
image_943,1
image_944,1
image_950,1
image_951,1
image_958,1
image_961,1
image_964,1
image_967,1
image_972,1
image_977,1
image_981,1
image_983,1
image_984,1
image_986,1
image_988,1
image_989,1
image_991,1
image_992,1
image_994,1
image_996,1
image_997,1
image_998,1
image_999,1
image_1001,2
image_1003,7
image_1004,1
image_1006,6
image_1007,3
image_1008,7
image_1009,2
image_1010,8
image_1013,2
image_1014,10
image_1015,1
image_1016,2
image_1017,6
image_1018,6
image_1020,2
image_1021,2
image_1022,2
image_1027,2
image_1034,1
image_1036,2
image_1038,2
image_1039,2
image_1040,2
image_1041,2
image_1042,2
image_1043,2
image_1044,2
image_1050,2
image_1054,2
image_1055,2
image_1056,2
image_1058,2
image_1059,2
image_1062,1
image_1063,2
image_1064,2
image_1065,2
image_1068,2
image_1072,2
image_1074,2
image_1075,8
image_1077,2
image_1079,2
image_1080,2
image_1081,2
image_1082,2
image_1083,9
image_1086,10
image_1089,4
image_1090,10
image_1092,2
image_1095,2
image_1096,1
image_1100,2
image_1101,2
image_1102,2
image_1111,3
image_1114,2
image_1115,2
image_1118,2
image_1123,2
image_1124,2
image_1125,1
image_1126,2
image_1127,2
image_1128,6
image_1133,1
image_1140,10
image_1141,4
image_1144,2
image_1145,2
image_1147,2
image_1150,2
image_1152,1
image_1154,2
image_1155,2
image_1156,2
image_1157,2
image_1158,2
image_1159,2
image_1160,2
image_1161,2
image_1164,2
image_1165,2
image_1166,2
image_1168,2
image_1172,2
image_1174,2
image_1175,2
image_1176,3
image_1177,2
image_1181,6
image_1183,2
image_1184,2
image_1185,2
image_1186,2
image_1188,2
image_1189,8
image_1190,2
image_1191,6
image_1192,2
image_1196,1
image_1197,8
image_1201,6
image_1203,2
image_1204,2
image_1207,8
image_1209,2
image_1211,7
image_1212,2
image_1213,5
image_1214,2
image_1216,2
image_1218,2
image_1220,2
image_1221,2
image_1226,2
image_1227,2
image_1229,2
image_1230,2
image_1232,2
image_1233,2
image_1235,2
image_1238,2
image_1242,3
image_1243,2
image_1245,1
image_1249,2
image_1250,2
image_1251,2
image_1253,1
image_1254,2
image_1255,2
image_1256,2
image_1257,2
image_1258,2
image_1259,2
image_1260,10
image_1261,2
image_1263,2
image_1265,2
image_1266,2
image_1269,2
image_1270,2
image_1271,3
image_1272,2
image_1276,2
image_1277,1
image_1278,2
image_1279,2
image_1283,2
image_1284,10
image_1287,2
image_1288,2
image_1289,2
image_1291,2
image_1294,2
image_1296,2
image_1297,6
image_1300,2
image_1301,2
image_1305,2
image_1306,2
image_1307,6
image_1308,2
image_1310,2
image_1311,8
image_1313,2
image_1314,3
image_1315,2
image_1316,2
image_1320,2
image_1322,2
image_1323,2
image_1325,10
image_1327,2
image_1328,2
image_1330,2
image_1331,1
image_1332,2
image_1334,2
image_1336,2
image_1340,9
image_1342,2
image_1344,2
image_1347,10
image_1351,2
image_1352,2
image_1353,2
image_1355,2
image_1356,2
image_1357,2
image_1358,2
image_1362,8
image_1363,4
image_1364,2
image_1365,2
image_1367,2
image_1374,2
image_1375,2
image_1376,2
image_1378,2
image_1379,10
image_1386,7
image_1388,2
image_1390,2
image_1391,2
image_1392,2
image_1397,3
image_1398,2
image_1401,2
image_1402,2
image_1403,1
image_1408,9
image_1409,2
image_1410,2
image_1415,1
image_1419,2
image_1422,2
image_1426,2
image_1429,2
image_1432,2
image_1433,2
image_1434,2
image_1435,2
image_1436,2
image_1437,2
image_1438,2
image_1439,2
image_1440,1
image_1441,2
image_1442,2
image_1447,2
image_1448,2
image_1451,2
image_1453,6
image_1455,6
image_1456,2
image_1458,2
image_1459,6
image_1460,6
image_1461,4
image_1462,2
image_1465,8
image_1466,2
image_1467,2
image_1469,2
image_1472,2
image_1474,2
image_1476,7
image_1478,2
image_1481,2
image_1485,2
image_1487,2
image_1489,2
image_1490,2
image_1492,2
image_1493,2
image_1495,2
image_1497,2
image_1504,6
image_1505,3
image_1513,3
image_1515,3
image_1516,3
image_1517,3
image_1518,3
image_1520,3
image_1522,7
image_1523,3
image_1525,3
image_1526,3
image_1527,6
image_1528,3
image_1530,3
image_1531,3
image_1533,3
image_1534,3
image_1537,3
image_1538,3
image_1539,3
image_1542,3
image_1544,10
image_1548,3
image_1549,3
image_1552,3
image_1556,5
image_1557,3
image_1558,5
image_1559,3
image_1560,3
image_1561,3
image_1562,3
image_1564,10
image_1565,3
image_1566,3
image_1568,3
image_1574,3
image_1577,3
image_1578,3
image_1579,3
image_1582,3
image_1583,3
image_1584,3
image_1586,3
image_1588,6
image_1589,3
image_1594,3
image_1599,10
image_1600,8
image_1601,10
image_1602,10
image_1603,3
image_1604,3
image_1610,3
image_1611,8
image_1613,3
image_1614,3
image_1615,1
image_1618,7
image_1619,3
image_1621,3
image_1623,3
image_1627,3
image_1629,2
image_1631,3
image_1632,3
image_1637,3
image_1641,3
image_1643,3
image_1647,3
image_1649,3
image_1652,3
image_1655,3
image_1658,6
image_1659,3
image_1660,3
image_1661,3
image_1662,3
image_1667,3
image_1669,3
image_1670,3
image_1672,3
image_1675,3
image_1676,3
image_1677,9
image_1678,3
image_1680,3
image_1682,3
image_1686,3
image_1688,3
image_1689,10
image_1696,3
image_1703,3
image_1704,3
image_1706,3
image_1707,1
image_1709,3
image_1710,3
image_1712,3
image_1713,3
image_1715,3
image_1716,3
image_1719,3
image_1721,3
image_1722,3
image_1726,3
image_1727,3
image_1728,3
image_1730,9
image_1731,3
image_1732,2
image_1733,3
image_1734,3
image_1736,3
image_1737,3
image_1740,8
image_1741,3
image_1743,3
image_1744,8
image_1745,7
image_1746,3
image_1747,3
image_1748,3
image_1752,3
image_1753,3
image_1754,3
image_1755,3
image_1756,5
image_1757,10
image_1760,3
image_1761,3
image_1763,2
image_1765,3
image_1766,3
image_1768,3
image_1769,5
image_1771,5
image_1772,3
image_1773,3
image_1774,3
image_1776,6
image_1780,3
image_1781,3
image_1784,3
image_1786,3
image_1787,7
image_1788,3
image_1789,5
image_1792,3
image_1799,3
image_1801,9
image_1802,3
image_1803,3
image_1804,3
image_1805,3
image_1806,3
image_1812,3
image_1813,3
image_1817,3
image_1822,3
image_1826,3
image_1827,3
image_1828,3
image_1833,3
image_1834,3
image_1835,7
image_1838,3
image_1843,3
image_1845,3
image_1846,3
image_1847,3
image_1848,3
image_1851,3
image_1852,3
image_1854,3
image_1858,3
image_1860,3
image_1861,3
image_1864,3
image_1865,3
image_1868,3
image_1869,3
image_1870,3
image_1871,8
image_1874,3
image_1876,9
image_1880,3
image_1881,3
image_1882,3
image_1885,3
image_1886,10
image_1888,3
image_1891,3
image_1892,3
image_1894,3
image_1896,3
image_1898,2
image_1900,3
image_1901,3
image_1902,3
image_1907,3
image_1908,3
image_1909,3
image_1910,3
image_1912,3
image_1914,3
image_1915,3
image_1920,3
image_1921,3
image_1924,3
image_1926,8
image_1927,3
image_1928,3
image_1931,3
image_1933,3
image_1934,3
image_1935,3
image_1936,6
image_1942,3
image_1943,3
image_1946,5
image_1947,3
image_1948,3
image_1950,5
image_1953,3
image_1954,3
image_1955,3
image_1956,3
image_1958,3
image_1959,1
image_1960,3
image_1963,6
image_1964,3
image_1967,3
image_1968,8
image_1969,3
image_1971,3
image_1974,3
image_1977,3
image_1979,7
image_1983,3
image_1984,3
image_1986,3
image_1988,3
image_1989,3
image_1990,3
image_1992,3
image_1994,3
image_1995,3
image_1998,3
image_2001,4
image_2002,4
image_2004,1
image_2005,4
image_2006,4
image_2007,4
image_2008,4
image_2013,4
image_2014,4
image_2016,4
image_2018,4
image_2023,4
image_2027,4
image_2030,4
image_2036,9
image_2037,9
image_2039,4
image_2042,4
image_2045,9
image_2046,4
image_2052,4
image_2057,4
image_2058,9
image_2059,8
image_2061,4
image_2062,4
image_2063,4
image_2064,8
image_2067,4
image_2068,3
image_2069,4
image_2070,4
image_2071,4
image_2072,4
image_2073,4
image_2075,4
image_2081,4
image_2084,9
image_2085,4
image_2086,4
image_2087,6
image_2088,4
image_2089,4
image_2090,4
image_2091,4
image_2094,4
image_2095,4
image_2096,4
image_2097,4
image_2098,4
image_2099,4
image_2102,4
image_2107,4
image_2108,6
image_2109,4
image_2113,9
image_2115,4
image_2116,4
image_2117,9
image_2118,8
image_2125,4
image_2126,4
image_2127,4
image_2128,9
image_2129,4
image_2130,4
image_2131,4
image_2133,6
image_2138,4
image_2140,4
image_2141,4
image_2142,4
image_2144,4
image_2147,2
image_2149,4
image_2151,4
image_2152,9
image_2154,4
image_2156,4
image_2157,8
image_2158,4
image_2159,4
image_2164,1
image_2165,4
image_2167,4
image_2168,4
image_2170,4
image_2171,9
image_2172,4
image_2175,4
image_2177,4
image_2179,4
image_2182,4
image_2183,4
image_2184,1
image_2185,4
image_2186,4
image_2189,4
image_2190,4
image_2195,10
image_2197,4
image_2199,9
image_2200,4
image_2202,4
image_2205,4
image_2208,4
image_2210,4
image_2211,4
image_2214,4
image_2215,4
image_2216,4
image_2218,4
image_2224,9
image_2225,4
image_2226,4
image_2227,4
image_2228,4
image_2230,4
image_2232,4
image_2233,4
image_2234,4
image_2237,9
image_2241,9
image_2243,4
image_2246,7
image_2247,4
image_2249,9
image_2252,4
image_2253,8
image_2256,9
image_2257,9
image_2258,4
image_2261,4
image_2262,4
image_2264,4
image_2267,4
image_2269,9
image_2270,9
image_2271,8
image_2272,9
image_2273,4
image_2274,4
image_2275,9
image_2277,8
image_2278,4
image_2279,4
image_2282,9
image_2283,3
image_2286,9
image_2288,4
image_2291,4
image_2293,4
image_2294,6
image_2295,4
image_2298,4
image_2300,9
image_2302,4
image_2303,8
image_2305,9
image_2306,4
image_2308,4
image_2311,7
image_2312,4
image_2313,4
image_2315,4
image_2317,4
image_2319,4
image_2320,4
image_2321,4
image_2324,4
image_2325,4
image_2327,4
image_2328,9
image_2329,4
image_2330,4
image_2334,8
image_2335,4
image_2338,9
image_2339,4
image_2340,4
image_2346,9
image_2348,4
image_2349,2
image_2350,4
image_2351,4
image_2353,4
image_2354,4
image_2355,4
image_2357,4
image_2358,4
image_2359,9
image_2363,9
image_2365,2
image_2366,1
image_2369,9
image_2370,4
image_2371,7
image_2373,9
image_2375,8
image_2377,4
image_2378,9
image_2380,9
image_2381,4
image_2382,9
image_2384,9
image_2388,9
image_2390,4
image_2391,4
image_2395,4
image_2397,4
image_2400,4
image_2404,4
image_2405,4
image_2406,4
image_2408,4
image_2409,4
image_2410,4
image_2415,4
image_2417,4
image_2419,4
image_2420,4
image_2421,4
image_2423,4
image_2424,9
image_2427,4
image_2429,4
image_2430,4
image_2432,4
image_2434,4
image_2436,4
image_2443,4
image_2444,8
image_2445,4
image_2448,6
image_2452,8
image_2454,9
image_2458,9
image_2461,4
image_2462,4
image_2464,4
image_2466,9
image_2467,6
image_2470,4
image_2471,4
image_2472,4
image_2475,4
image_2478,4
image_2479,9
image_2482,4
image_2483,4
image_2485,4
image_2486,4
image_2487,4
image_2488,4
image_2489,4
image_2491,9
image_2495,1
image_2496,4
image_2499,4
image_2500,3
image_2506,8
image_2509,1
image_2511,3
image_2515,3
image_2520,6
image_2521,3
image_2528,8
image_2529,3
image_2531,5
image_2532,8
image_2533,5
image_2535,8
image_2538,5
image_2541,8
image_2542,5
image_2543,3
image_2544,5
image_2545,8
image_2547,5
image_2553,5
image_2554,5
image_2555,5
image_2556,2
image_2559,5
image_2560,8
image_2561,10
image_2564,3
image_2575,5
image_2577,5
image_2579,2
image_2581,5
image_2583,6
image_2585,8
image_2591,8
image_2593,3
image_2595,5
image_2596,5
image_2598,8
image_2601,2
image_2602,6
image_2603,10
image_2605,8
image_2606,3
image_2609,8
image_2613,8
image_2614,8
image_2615,5
image_2616,8
image_2617,8
image_2619,8
image_2620,9
image_2621,5
image_2622,10
image_2625,5
image_2626,8
image_2629,8
image_2630,5
image_2632,5
image_2633,1
image_2635,8
image_2637,6
image_2640,8
image_2641,5
image_2645,6
image_2648,10
image_2651,5
image_2652,5
image_2653,5
image_2654,8
image_2661,5
image_2663,8
image_2670,3
image_2672,5
image_2675,8
image_2676,5
image_2678,8
image_2681,5
image_2684,5
image_2685,5
image_2686,3
image_2687,5
image_2689,8
image_2690,5
image_2691,5
image_2692,5
image_2693,3
image_2694,5
image_2695,5
image_2696,5
image_2698,6
image_2701,10
image_2703,8
image_2704,3
image_2706,5
image_2709,5
image_2711,5
image_2712,3
image_2713,5
image_2718,3
image_2720,5
image_2723,8
image_2725,1
image_2726,8
image_2727,5
image_2731,8
image_2733,5
image_2734,9
image_2735,3
image_2736,5
image_2737,3
image_2740,4
image_2742,5
image_2743,5
image_2744,3
image_2746,3
image_2753,4
image_2754,3
image_2755,5
image_2756,4
image_2760,5
image_2762,5
image_2764,6
image_2768,5
image_2772,5
image_2774,5
image_2775,5
image_2777,5
image_2778,5
image_2779,3
image_2780,3
image_2781,6
image_2785,8
image_2786,5
image_2787,5
image_2789,3
image_2790,10
image_2791,1
image_2792,5
image_2793,5
image_2794,5
image_2795,5
image_2797,5
image_2798,5
image_2799,1
image_2802,5
image_2803,5
image_2806,5
image_2807,9
image_2808,5
image_2815,3
image_2816,1
image_2818,4
image_2819,5
image_2822,5
image_2823,5
image_2825,8
image_2827,5
image_2828,10
image_2831,5
image_2833,10
image_2835,5
image_2838,3
image_2840,1
image_2841,5
image_2843,5
image_2844,5
image_2846,1
image_2848,5
image_2853,10
image_2857,9
image_2859,6
image_2861,4
image_2864,5
image_2867,5
image_2871,5
image_2872,5
image_2875,5
image_2878,8
image_2883,5
image_2884,5
image_2886,5
image_2891,7
image_2892,10
image_2893,5
image_2894,5
image_2897,5
image_2899,9
image_2901,10
image_2904,8
image_2905,5
image_2907,10
image_2914,9
image_2915,5
image_2916,8
image_2918,8
image_2921,5
image_2922,8
image_2923,5
image_2925,1
image_2926,5
image_2927,8
image_2928,8
image_2930,8
image_2931,5
image_2932,8
image_2937,8
image_2938,1
image_2939,3
image_2941,8
image_2942,5
image_2947,8
image_2948,3
image_2949,5
image_2951,8
image_2953,5
image_2958,8
image_2959,5
image_2960,5
image_2961,10
image_2963,5
image_2965,9
image_2967,5
image_2968,3
image_2969,5
image_2970,5
image_2973,8
image_2974,8
image_2975,8
image_2976,5
image_2977,8
image_2978,5
image_2979,5
image_2980,5
image_2981,8
image_2982,9
image_2984,1
image_2988,5
image_2990,8
image_2996,5
image_2998,5
image_2999,8
image_3001,6
image_3002,6
image_3003,6
image_3006,6
image_3009,6
image_3012,6
image_3016,6
image_3017,6
image_3019,6
image_3020,6
image_3022,6
image_3023,6
image_3024,1
image_3026,2
image_3027,6
image_3028,6
image_3029,6
image_3031,6
image_3032,6
image_3035,6
image_3036,6
image_3038,6
image_3039,6
image_3040,6
image_3041,6
image_3043,10
image_3044,6
image_3045,2
image_3046,6
image_3047,6
image_3050,6
image_3051,6
image_3052,6
image_3053,6
image_3055,6
image_3056,8
image_3057,6
image_3059,8
image_3060,2
image_3061,6
image_3062,6
image_3063,6
image_3067,6
image_3071,6
image_3073,6
image_3074,6
image_3075,6
image_3077,6
image_3080,6
image_3081,2
image_3083,6
image_3084,6
image_3085,2
image_3088,6
image_3090,6
image_3091,6
image_3095,6
image_3098,6
image_3100,6
image_3102,6
image_3108,6
image_3112,6
image_3114,6
image_3117,6
image_3119,6
image_3125,6
image_3127,6
image_3128,6
image_3129,6
image_3131,10
image_3133,6
image_3135,6
image_3137,6
image_3138,6
image_3139,6
image_3141,6
image_3144,6
image_3145,6
image_3148,6
image_3149,6
image_3150,6
image_3161,6
image_3163,6
image_3170,6
image_3171,6
image_3173,6
image_3175,6
image_3177,6
image_3178,6
image_3182,6
image_3183,6
image_3187,6
image_3190,2
image_3191,6
image_3192,6
image_3193,1
image_3194,6
image_3197,6
image_3199,6
image_3200,6
image_3204,1
image_3207,6
image_3210,6
image_3214,6
image_3216,6
image_3218,6
image_3219,6
image_3223,6
image_3224,6
image_3226,6
image_3227,6
image_3231,6
image_3233,6
image_3236,5
image_3239,6
image_3240,6
image_3243,6
image_3244,6
image_3245,6
image_3246,6
image_3248,8
image_3249,6
image_3250,6
image_3252,6
image_3254,6
image_3257,6
image_3260,6
image_3262,6
image_3264,6
image_3265,6
image_3267,6
image_3270,6
image_3271,6
image_3272,6
image_3275,6
image_3276,4
image_3278,6
image_3279,6
image_3281,6
image_3282,6
image_3283,6
image_3284,6
image_3285,6
image_3287,6
image_3288,6
image_3291,6
image_3292,6
image_3293,4
image_3294,6
image_3295,6
image_3296,6
image_3297,6
image_3298,6
image_3299,6
image_3301,6
image_3305,6
image_3307,6
image_3308,5
image_3310,6
image_3311,6
image_3315,6
image_3317,6
image_3319,6
image_3320,6
image_3321,6
image_3324,6
image_3325,6
image_3326,6
image_3328,1
image_3330,6
image_3332,1
image_3338,1
image_3340,6
image_3341,8
image_3342,6
image_3344,6
image_3347,6
image_3349,6
image_3351,10
image_3352,6
image_3354,2
image_3355,6
image_3356,6
image_3358,6
image_3361,6
image_3363,6
image_3364,6
image_3368,6
image_3369,9
image_3373,4
image_3374,6
image_3375,2
image_3376,6
image_3377,6
image_3379,6
image_3380,6
image_3381,6
image_3382,10
image_3384,6
image_3387,6
image_3388,6
image_3389,6
image_3391,6
image_3392,6
image_3393,6
image_3396,6
image_3398,6
image_3401,6
image_3402,6
image_3403,6
image_3405,6
image_3407,6
image_3408,6
image_3410,6
image_3414,6
image_3415,6
image_3416,6
image_3419,6
image_3420,2
image_3421,6
image_3422,6
image_3423,6
image_3424,6
image_3437,6
image_3438,6
image_3439,6
image_3441,8
image_3442,6
image_3444,6
image_3446,6
image_3449,6
image_3452,6
image_3457,8
image_3458,6
image_3459,6
image_3460,6
image_3461,6
image_3463,6
image_3464,6
image_3467,6
image_3470,6
image_3471,6
image_3472,6
image_3473,6
image_3474,6
image_3477,6
image_3478,6
image_3481,6
image_3482,1
image_3484,6
image_3487,6
image_3493,6
image_3494,6
image_3495,6
image_3497,5
image_3499,6
image_3500,7
image_3501,8
image_3502,7
image_3503,9
image_3508,7
image_3509,7
image_3512,7
image_3513,7
image_3519,7
image_3520,7
image_3523,7
image_3526,7
image_3527,7
image_3530,7
image_3531,7
image_3532,7
image_3535,7
image_3537,1
image_3542,7
image_3544,7
image_3546,10
image_3548,7
image_3549,7
image_3552,7
image_3556,7
image_3557,7
image_3558,7
image_3560,7
image_3561,7
image_3562,9
image_3563,8
image_3564,7
image_3566,7
image_3568,7
image_3570,1
image_3572,7
image_3574,7
image_3576,7
image_3579,7
image_3586,7
image_3587,7
image_3591,7
image_3593,7
image_3595,1
image_3598,7
image_3602,7
image_3603,7
image_3604,7
image_3606,7
image_3607,7
image_3609,7
image_3610,7
image_3612,7
image_3614,7
image_3616,4
image_3618,7
image_3620,7
image_3623,7
image_3625,8
image_3626,7
image_3631,7
image_3633,7
image_3634,10
image_3636,7
image_3637,7
image_3640,7
image_3643,7
image_3646,7
image_3652,7
image_3653,7
image_3655,7
image_3656,7
image_3658,7
image_3660,9
image_3661,7
image_3666,7
image_3669,7
image_3672,7
image_3673,7
image_3675,7
image_3676,7
image_3678,7
image_3683,6
image_3684,7
image_3686,7
image_3687,7
image_3688,7
image_3689,7
image_3691,7
image_3692,1
image_3695,7
image_3696,7
image_3698,7
image_3699,7
image_3702,7
image_3703,7
image_3710,7
image_3712,7
image_3715,7
image_3716,7
image_3718,7
image_3719,7
image_3720,7
image_3721,7
image_3727,7
image_3728,7
image_3729,7
image_3730,7
image_3733,7
image_3734,7
image_3736,1
image_3738,4
image_3739,7
image_3744,7
image_3745,7
image_3747,7
image_3751,7
image_3756,7
image_3762,7
image_3764,9
image_3765,7
image_3766,7
image_3770,7
image_3777,7
image_3778,7
image_3779,7
image_3780,7
image_3781,7
image_3784,7
image_3786,7
image_3788,7
image_3790,7
image_3791,7
image_3793,7
image_3797,7
image_3798,7
image_3799,7
image_3800,7
image_3802,7
image_3804,7
image_3806,7
image_3810,7
image_3811,7
image_3814,7
image_3815,7
image_3818,7
image_3820,7
image_3822,7
image_3823,1
image_3824,7
image_3825,7
image_3827,7
image_3830,8
image_3832,1
image_3833,1
image_3835,7
image_3837,7
image_3839,7
image_3840,7
image_3844,7
image_3845,7
image_3848,7
image_3853,9
image_3855,7
image_3858,7
image_3861,7
image_3862,7
image_3863,7
image_3864,7
image_3868,7
image_3871,7
image_3874,7
image_3876,7
image_3877,1
image_3878,7
image_3879,7
image_3880,7
image_3881,7
image_3885,7
image_3887,4
image_3890,7
image_3893,7
image_3896,7
image_3897,7
image_3898,7
image_3899,7
image_3901,7
image_3902,10
image_3904,7
image_3905,7
image_3907,7
image_3909,8
image_3911,7
image_3912,7
image_3913,7
image_3914,7
image_3918,7
image_3922,7
image_3923,7
image_3924,9
image_3927,7
image_3928,7
image_3929,7
image_3931,7
image_3932,10
image_3933,7
image_3934,7
image_3936,7
image_3937,7
image_3939,7
image_3940,10
image_3941,7
image_3942,10
image_3945,7
image_3946,7
image_3947,9
image_3948,7
image_3954,7
image_3955,4
image_3956,7
image_3957,7
image_3958,7
image_3959,7
image_3961,7
image_3966,4
image_3968,7
image_3970,7
image_3971,7
image_3972,9
image_3973,7
image_3975,7
image_3978,7
image_3981,7
image_3987,7
image_3988,7
image_3990,7
image_3991,7
image_3992,7
image_3994,7
image_3995,7
image_3996,7
image_3997,7
image_3998,7
image_3999,7
image_4000,8
image_4001,8
image_4003,8
image_4005,8
image_4008,8
image_4011,8
image_4013,8
image_4014,8
image_4015,8
image_4016,8
image_4018,8
image_4019,8
image_4023,8
image_4025,8
image_4026,5
image_4029,8
image_4032,2
image_4034,8
image_4036,8
image_4037,8
image_4039,8
image_4041,5
image_4042,8
image_4043,8
image_4044,8
image_4045,8
image_4047,8
image_4054,8
image_4056,8
image_4057,8
image_4059,8
image_4064,8
image_4068,8
image_4070,8
image_4073,8
image_4074,8
image_4080,8
image_4081,8
image_4086,8
image_4089,8
image_4092,3
image_4093,8
image_4098,8
image_4101,8
image_4103,8
image_4104,8
image_4109,8
image_4112,8
image_4113,8
image_4115,8
image_4118,8
image_4122,8
image_4123,8
image_4124,8
image_4126,8
image_4128,8
image_4131,8
image_4132,8
image_4134,8
image_4135,8
image_4137,8
image_4138,8
image_4140,8
image_4141,8
image_4142,8
image_4146,8
image_4147,8
image_4150,8
image_4153,8
image_4154,8
image_4157,8
image_4160,8
image_4161,8
image_4162,8
image_4165,8
image_4168,9
image_4170,8
image_4171,8
image_4173,8
image_4175,8
image_4176,8
image_4185,8
image_4186,8
image_4189,8
image_4191,8
image_4192,8
image_4193,8
image_4194,9
image_4195,8
image_4198,8
image_4199,8
image_4200,8
image_4202,6
image_4203,8
image_4204,8
image_4205,8
image_4207,8
image_4208,8
image_4210,8
image_4211,8
image_4216,8
image_4218,8
image_4219,8
image_4221,8
image_4225,8
image_4231,3
image_4232,8
image_4233,8
image_4237,6
image_4238,8
image_4240,8
image_4244,3
image_4245,8
image_4248,8
image_4250,5
image_4251,4
image_4252,9
image_4253,8
image_4254,8
image_4256,5
image_4257,8
image_4258,8
image_4259,8
image_4261,9
image_4264,9
image_4265,1
image_4266,8
image_4267,8
image_4273,8
image_4275,8
image_4277,8
image_4278,3
image_4279,8
image_4280,8
image_4281,8
image_4282,8
image_4283,8
image_4287,8
image_4288,1
image_4289,8
image_4291,8
image_4292,8
image_4295,8
image_4296,8
image_4297,8
image_4299,8
image_4300,8
image_4302,8
image_4303,1
image_4307,1
image_4309,8
image_4312,8
image_4313,8
image_4315,8
image_4316,8
image_4317,8
image_4320,8
image_4324,8
image_4331,8
image_4332,8
image_4334,8
image_4335,8
image_4336,8
image_4339,8
image_4342,8
image_4344,8
image_4345,8
image_4346,8
image_4347,2
image_4358,8
image_4359,8
image_4364,8
image_4367,8
image_4368,8
image_4369,8
image_4370,8
image_4371,8
image_4376,3
image_4377,8
image_4378,8
image_4379,5
image_4381,8
image_4384,2
image_4385,8
image_4388,8
image_4391,8
image_4395,5
image_4396,8
image_4397,8
image_4398,8
image_4400,8
image_4401,8
image_4403,8
image_4407,8
image_4415,8
image_4416,8
image_4417,8
image_4419,8
image_4422,1
image_4423,8
image_4424,8
image_4425,8
image_4426,8
image_4427,8
image_4429,9
image_4430,7
image_4431,8
image_4432,8
image_4433,8
image_4436,5
image_4437,8
image_4438,8
image_4439,8
image_4440,8
image_4441,8
image_4444,3
image_4445,9
image_4449,8
image_4451,8
image_4456,10
image_4459,8
image_4461,8
image_4462,8
image_4466,8
image_4467,8
image_4469,8
image_4472,8
image_4473,8
image_4474,8
image_4475,8
image_4477,3
image_4479,8
image_4480,8
image_4481,8
image_4482,8
image_4486,8
image_4490,8
image_4494,9
image_4497,8
image_4498,8
image_4500,9
image_4501,9
image_4502,9
image_4504,9
image_4505,9
image_4506,8
image_4509,10
image_4510,9
image_4515,7
image_4518,9
image_4519,4
image_4522,9
image_4523,9
image_4524,9
image_4527,9
image_4529,7
image_4530,9
image_4534,9
image_4535,9
image_4540,9
image_4541,9
image_4542,9
image_4543,9
image_4549,4
image_4552,9
image_4556,9
image_4557,9
image_4558,8
image_4562,9
image_4563,5
image_4564,9
image_4565,9
image_4568,4
image_4569,5
image_4572,10
image_4573,9
image_4574,9
image_4575,9
image_4576,9
image_4577,9
image_4579,9
image_4580,4
image_4582,8
image_4583,9
image_4584,9
image_4585,9
image_4586,9
image_4587,9
image_4588,7
image_4590,7
image_4591,9
image_4593,10
image_4594,9
image_4596,9
image_4604,9
image_4606,9
image_4607,4
image_4610,4
image_4614,4
image_4616,9
image_4618,9
image_4627,8
image_4629,9
image_4630,9
image_4635,9
image_4638,9
image_4639,3
image_4641,9
image_4643,9
image_4644,9
image_4647,9
image_4650,9
image_4653,9
image_4654,9
image_4655,4
image_4656,4
image_4657,9
image_4658,9
image_4660,9
image_4661,9
image_4663,9
image_4665,9
image_4666,4
image_4667,4
image_4669,9
image_4672,10
image_4676,9
image_4678,4
image_4679,9
image_4680,9
image_4681,7
image_4683,9
image_4684,9
image_4688,4
image_4689,4
image_4690,9
image_4692,1
image_4696,9
image_4698,9
image_4700,9
image_4704,9
image_4708,7
image_4710,9
image_4715,9
image_4716,9
image_4718,9
image_4719,9
image_4721,9
image_4725,9
image_4726,9
image_4730,9
image_4732,9
image_4733,9
image_4734,9
image_4735,9
image_4736,5
image_4739,9
image_4747,9
image_4752,9
image_4753,8
image_4755,4
image_4757,9
image_4758,9
image_4760,9
image_4761,9
image_4765,9
image_4768,9
image_4772,4
image_4774,10
image_4775,9
image_4781,10
image_4788,9
image_4789,9
image_4790,6
image_4791,9
image_4793,9
image_4794,9
image_4796,9
image_4797,9
image_4798,9
image_4800,9
image_4806,9
image_4807,9
image_4810,3
image_4813,9
image_4814,9
image_4816,9
image_4820,9
image_4822,9
image_4823,9
image_4824,9
image_4825,9
image_4827,9
image_4828,7
image_4831,9
image_4834,6
image_4835,9
image_4837,9
image_4838,9
image_4839,9
image_4842,7
image_4846,9
image_4847,9
image_4849,4
image_4851,9
image_4853,7
image_4854,7
image_4859,9
image_4860,1
image_4862,9
image_4864,7
image_4865,8
image_4866,9
image_4868,4
image_4869,9
image_4870,9
image_4871,9
image_4872,9
image_4875,9
image_4883,9
image_4884,7
image_4887,9
image_4889,7
image_4890,9
image_4891,9
image_4894,9
image_4895,9
image_4896,4
image_4897,9
image_4898,9
image_4899,9
image_4901,9
image_4902,7
image_4904,9
image_4905,9
image_4906,7
image_4908,9
image_4910,9
image_4912,9
image_4914,7
image_4917,9
image_4918,9
image_4920,9
image_4921,9
image_4922,9
image_4925,7
image_4927,9
image_4932,4
image_4933,9
image_4934,9
image_4938,9
image_4939,9
image_4940,9
image_4943,9
image_4946,9
image_4947,9
image_4948,7
image_4950,9
image_4951,9
image_4955,7
image_4956,9
image_4957,9
image_4958,9
image_4961,2
image_4963,7
image_4964,7
image_4965,7
image_4967,9
image_4970,7
image_4971,9
image_4973,9
image_4974,9
image_4976,9
image_4978,7
image_4985,9
image_4986,7
image_4987,9
image_4988,9
image_4989,9
image_4991,9
image_4992,9
image_4993,9
image_4995,9
image_4996,9
image_4997,9
image_4998,9
image_4999,7
