,value
image_1,10
image_10,10
image_1000,1
image_1001,2
image_1002,2
image_1003,2
image_1004,2
image_1006,2
image_1009,2
image_1012,2
image_1014,2
image_1016,2
image_1018,2
image_1020,2
image_1022,2
image_1023,2
image_1024,2
image_1025,2
image_1027,2
image_1028,2
image_1029,2
image_1030,2
image_1033,2
image_1034,2
image_1035,2
image_1038,2
image_1039,2
image_1040,2
image_1042,2
image_1044,2
image_1045,2
image_1047,2
image_1048,2
image_1049,2
image_1051,2
image_1052,2
image_1053,2
image_1055,2
image_1056,2
image_1057,2
image_1058,2
image_106,10
image_1060,2
image_1061,2
image_1063,2
image_1065,2
image_1066,2
image_1067,2
image_1070,2
image_1071,2
image_1073,2
image_1075,2
image_1076,2
image_1077,2
image_108,10
image_1080,2
image_1081,2
image_1083,2
image_1085,2
image_1087,2
image_1088,2
image_1089,2
image_1090,2
image_1091,2
image_1092,2
image_1093,2
image_1094,2
image_1095,2
image_1096,2
image_1097,2
image_1098,2
image_1099,2
image_11,10
image_1101,2
image_1103,2
image_1107,2
image_1108,2
image_1109,2
image_1111,2
image_1112,2
image_1114,2
image_1115,2
image_1116,2
image_1117,2
image_1118,2
image_112,10
image_1120,2
image_1122,2
image_1126,2
image_1127,2
image_1129,2
image_113,10
image_1130,2
image_1131,2
image_1132,2
image_1133,2
image_1134,2
image_1135,2
image_1137,2
image_1138,2
image_1139,2
image_114,10
image_1140,2
image_1141,2
image_1142,2
image_1143,2
image_1144,2
image_1145,2
image_1147,2
image_1149,2
image_1151,2
image_1153,2
image_1154,2
image_1155,2
image_1156,2
image_1157,2
image_1158,2
image_1159,2
image_116,10
image_1162,2
image_1163,2
image_1164,2
image_1165,2
image_1167,2
image_1168,2
image_1169,2
image_117,10
image_1170,2
image_1171,2
image_1172,2
image_1173,2
image_1174,2
image_1175,2
image_1177,2
image_1178,2
image_1180,2
image_1183,2
image_1184,2
image_1186,2
image_1188,2
image_1189,2
image_119,10
image_1190,2
image_1191,2
image_1192,2
image_1193,2
image_1194,2
image_1195,2
image_1197,2
image_1198,2
image_1199,2
image_12,10
image_1200,2
image_1202,2
image_1207,2
image_1208,2
image_1209,2
image_121,10
image_1210,2
image_1211,2
image_1212,2
image_1215,2
image_1217,2
image_1219,2
image_122,10
image_1220,2
image_1221,2
image_1222,2
image_1223,2
image_1224,2
image_1225,2
image_1226,2
image_1228,2
image_1229,2
image_123,10
image_1230,2
image_1231,2
image_1232,2
image_1233,2
image_1234,2
image_1235,2
image_1236,2
image_1237,2
image_1239,2
image_1241,2
image_1242,2
image_1247,2
image_1251,2
image_1252,2
image_1253,2
image_1255,2
image_1259,2
image_1260,2
image_1261,2
image_1262,2
image_1264,2
image_1266,2
image_1267,2
image_1268,2
image_1269,2
image_127,10
image_1270,2
image_1273,2
image_1278,2
image_1280,2
image_1283,2
image_1284,2
image_1285,2
image_1286,2
image_1288,2
image_1289,2
image_129,10
image_1290,2
image_1291,2
image_1293,2
image_1294,2
image_1295,2
image_1296,2
image_1297,2
image_1299,2
image_13,10
image_130,10
image_1301,2
image_1302,2
image_1303,2
image_1305,2
image_1306,2
image_1307,2
image_1308,2
image_1309,2
image_131,10
image_1310,2
image_1314,2
image_1315,2
image_1317,2
image_1318,2
image_1319,2
image_132,10
image_1320,2
image_1321,2
image_1322,2
image_1323,2
image_1324,2
image_1325,2
image_1326,2
image_133,10
image_1332,2
image_1333,2
image_1335,2
image_1337,2
image_1339,2
image_1341,2
image_1343,2
image_1345,2
image_1347,2
image_1348,2
image_1349,2
image_135,10
image_1350,2
image_1351,2
image_1352,2
image_1353,2
image_1355,2
image_1357,2
image_1358,2
image_1359,2
image_136,10
image_1360,2
image_1361,2
image_1362,2
image_1364,2
image_1365,2
image_1366,2
image_1367,2
image_1368,2
image_1370,2
image_1371,2
image_1374,2
image_1380,2
image_1381,2
image_1383,2
image_1384,2
image_1388,2
image_1389,2
image_1392,2
image_1393,2
image_1394,2
image_1395,2
image_1396,2
image_1399,2
image_140,10
image_1400,2
image_1401,2
image_1402,2
image_1403,2
image_1407,2
image_1409,2
image_141,10
image_1410,2
image_1413,2
image_1414,2
image_1415,2
image_1416,2
image_1417,2
image_1418,2
image_1419,2
image_142,10
image_1422,2
image_1423,2
image_1424,2
image_1425,2
image_1426,2
image_1429,2
image_1430,2
image_1431,2
image_1432,2
image_1433,2
image_1437,2
image_1438,2
image_1439,2
image_1440,2
image_1442,2
image_1443,2
image_1444,2
image_1447,2
image_1450,2
image_1451,2
image_1452,2
image_1453,2
image_1454,2
image_1455,2
image_1456,2
image_1458,2
image_1460,2
image_1462,2
image_1463,2
image_1464,2
image_1466,2
image_1467,2
image_1468,2
image_1469,2
image_1471,2
image_1472,2
image_1473,2
image_1476,2
image_1477,2
image_148,10
image_1480,2
image_1483,2
image_1484,2
image_1487,2
image_1491,2
image_1492,2
image_1493,2
image_1495,2
image_1497,2
image_1498,2
image_150,10
image_1503,3
image_1504,3
image_1509,3
image_151,10
image_1511,3
image_1514,3
image_1517,3
image_1518,3
image_1519,3
image_1520,3
image_1522,3
image_1523,3
image_1524,3
image_1525,3
image_1526,3
image_1528,3
image_1529,3
image_1530,3
image_1531,3
image_1532,3
image_1533,3
image_1535,3
image_1536,3
image_1537,3
image_1538,3
image_154,10
image_1541,3
image_1544,3
image_1545,3
image_1547,3
image_1548,3
image_1549,3
image_1550,3
image_1551,3
image_1552,3
image_1554,3
image_1555,3
image_1556,3
image_1557,3
image_156,10
image_1560,3
image_1561,3
image_1563,3
image_1564,3
image_1566,3
image_1567,3
image_1569,3
image_1570,3
image_1571,3
image_1572,3
image_1575,3
image_1576,3
image_1578,3
image_158,10
image_1580,3
image_1581,3
image_1583,3
image_1584,3
image_1585,3
image_1586,3
image_1587,3
image_1588,3
image_1589,3
image_1591,3
image_1594,3
image_1596,3
image_1597,3
image_1598,3
image_1600,3
image_1601,3
image_1602,3
image_1603,3
image_1604,3
image_1606,3
image_1608,3
image_161,10
image_1610,3
image_1612,3
image_1614,3
image_1615,3
image_1617,3
image_1618,3
image_1619,3
image_1620,3
image_1621,3
image_1624,3
image_1625,3
image_1626,3
image_1627,3
image_1628,3
image_1629,3
image_163,10
image_1630,3
image_1632,3
image_1634,3
image_1635,3
image_1639,3
image_164,10
image_1641,3
image_1642,3
image_1644,3
image_1649,3
image_165,10
image_1651,3
image_1652,3
image_1653,3
image_1655,3
image_1656,3
image_1659,3
image_166,10
image_1662,3
image_1663,3
image_1668,3
image_1669,3
image_167,10
image_1671,3
image_1672,3
image_1673,3
image_1674,3
image_1678,3
image_1679,3
image_168,10
image_1680,3
image_1681,3
image_1683,3
image_1685,3
image_1686,3
image_1687,3
image_1688,3
image_1689,3
image_169,10
image_1690,3
image_1691,3
image_1695,3
image_1697,3
image_1698,3
image_1699,3
image_17,10
image_170,10
image_1700,3
image_1701,3
image_1702,3
image_1703,3
image_1704,3
image_1707,3
image_1708,3
image_171,10
image_1711,3
image_1712,3
image_1713,3
image_1715,3
image_1717,3
image_1718,3
image_1719,3
image_172,10
image_1720,3
image_1722,3
image_1723,3
image_1724,3
image_1725,3
image_1727,3
image_1729,3
image_173,10
image_1731,3
image_1732,3
image_1733,3
image_1736,3
image_1737,3
image_1738,3
image_1739,3
image_174,10
image_1743,3
image_1744,3
image_1745,3
image_1746,3
image_1747,3
image_1749,3
image_1753,3
image_1756,3
image_1757,3
image_1759,3
image_176,10
image_1761,3
image_1762,3
image_1764,3
image_1765,3
image_1766,3
image_1767,3
image_1768,3
image_1772,3
image_1773,3
image_1774,3
image_1775,3
image_1776,3
image_1777,3
image_1778,3
image_1779,3
image_178,10
image_1780,3
image_1782,3
image_1784,3
image_1786,3
image_1788,3
image_1790,3
image_1791,3
image_1794,3
image_1797,3
image_1799,3
image_18,10
image_180,10
image_1801,3
image_1802,3
image_1803,3
image_1806,3
image_1808,3
image_1809,3
image_1810,3
image_1812,3
image_1813,3
image_1814,3
image_1815,3
image_1816,3
image_1818,3
image_1821,3
image_1822,3
image_1823,3
image_1826,3
image_1827,3
image_1828,3
image_1829,3
image_1830,3
image_1831,3
image_1833,3
image_1834,3
image_1835,3
image_1836,3
image_1838,3
image_1840,3
image_1842,3
image_1843,3
image_1845,3
image_1846,3
image_1847,3
image_1849,3
image_185,10
image_1850,3
image_1851,3
image_1852,3
image_1854,3
image_1855,3
image_1856,3
image_1857,3
image_1858,3
image_1860,3
image_1861,3
image_1862,3
image_1863,3
image_1865,3
image_1867,3
image_1869,3
image_187,10
image_1870,3
image_1872,3
image_1877,3
image_1878,3
image_1879,3
image_188,10
image_1880,3
image_1881,3
image_1883,3
image_1884,3
image_1887,3
image_1888,3
image_189,10
image_1890,3
image_1891,3
image_1892,3
image_1893,3
image_1894,3
image_1897,3
image_1899,3
image_1903,3
image_1904,3
image_1905,3
image_1906,3
image_1908,3
image_191,10
image_1911,3
image_1912,3
image_1913,3
image_192,10
image_1921,3
image_1922,3
image_1925,3
image_1926,3
image_1927,3
image_193,10
image_1931,3
image_1932,3
image_1935,3
image_1936,3
image_1937,3
image_1939,3
image_194,10
image_1941,3
image_1942,3
image_1943,3
image_1945,3
image_1946,3
image_1947,3
image_1949,3
image_1950,3
image_1952,3
image_1953,3
image_1955,3
image_1956,3
image_1958,3
image_1959,3
image_196,10
image_1960,3
image_1961,3
image_1962,3
image_1963,3
image_1964,3
image_1967,3
image_1969,3
image_1971,3
image_1972,3
image_1973,3
image_1974,3
image_1976,3
image_1977,3
image_1978,3
image_1979,3
image_1980,3
image_1987,3
image_1991,3
image_1992,3
image_1998,3
image_20,10
image_200,10
image_2000,3
image_2001,4
image_2004,4
image_2005,4
image_2006,4
image_2007,4
image_2008,4
image_2009,4
image_201,10
image_2011,4
image_2012,4
image_2013,4
image_2016,4
image_2017,4
image_202,10
image_2021,4
image_2023,4
image_2025,4
image_2026,4
image_2027,4
image_2028,4
image_203,10
image_2033,4
image_2035,4
image_2036,4
image_2037,4
image_2038,4
image_2039,4
image_204,10
image_2041,4
image_2044,4
image_2046,4
image_2047,4
image_2048,4
image_205,10
image_2050,4
image_2053,4
image_2054,4
image_2056,4
image_2058,4
image_2059,4
image_206,10
image_2060,4
image_2061,4
image_2062,4
image_2063,4
image_2064,4
image_2065,4
image_2066,4
image_2067,4
image_207,10
image_2071,4
image_2072,4
image_2075,4
image_2078,4
image_208,10
image_2081,4
image_2083,4
image_2084,4
image_2086,4
image_2088,4
image_2089,4
image_209,10
image_2091,4
image_2092,4
image_2094,4
image_2095,4
image_2098,4
image_21,10
image_210,10
image_2101,4
image_2102,4
image_2104,4
image_2105,4
image_2106,4
image_2107,4
image_2108,4
image_211,10
image_2111,4
image_2113,4
image_2114,4
image_2116,4
image_2117,4
image_212,10
image_2120,4
image_2122,4
image_2123,4
image_2124,4
image_2125,4
image_2126,4
image_2127,4
image_2132,4
image_2133,4
image_2138,4
image_2140,4
image_2142,4
image_2143,4
image_2144,4
image_2145,4
image_2146,4
image_2148,4
image_2150,4
image_2151,4
image_2152,4
image_2153,4
image_2154,4
image_2156,4
image_2157,4
image_2158,4
image_216,10
image_2160,4
image_2162,4
image_2164,4
image_2165,4
image_2166,4
image_2167,4
image_2168,4
image_2169,4
image_217,10
image_2171,4
image_2173,4
image_2175,4
image_2178,4
image_2179,4
image_218,10
image_2180,4
image_2182,4
image_2183,4
image_2187,4
image_2189,4
image_219,10
image_2190,4
image_2191,4
image_2192,4
image_2193,4
image_2194,4
image_2196,4
image_2197,4
image_2198,4
image_2199,4
image_220,10
image_2200,4
image_2201,4
image_2203,4
image_2204,4
image_2205,4
image_2207,4
image_2209,4
image_221,10
image_2210,4
image_2211,4
image_2212,4
image_2213,4
image_2214,4
image_2215,4
image_2216,4
image_2217,4
image_222,10
image_2221,4
image_2222,4
image_2223,4
image_2225,4
image_2226,4
image_2227,4
image_2228,4
image_2229,4
image_223,10
image_2232,4
image_2233,4
image_2234,4
image_2235,4
image_2239,4
image_2240,4
image_2242,4
image_2245,4
image_225,10
image_2252,4
image_2256,4
image_2257,4
image_2258,4
image_2259,4
image_226,10
image_2261,4
image_2262,4
image_2263,4
image_2269,4
image_227,10
image_2271,4
image_2272,4
image_2273,4
image_2274,4
image_2275,4
image_2277,4
image_2279,4
image_2280,4
image_2281,4
image_2283,4
image_2287,4
image_2288,4
image_2289,4
image_229,10
image_2290,4
image_2291,4
image_2293,4
image_2294,4
image_2295,4
image_2296,4
image_2297,4
image_2298,4
image_2299,4
image_230,10
image_2300,4
image_2301,4
image_2302,4
image_2303,4
image_2306,4
image_2308,4
image_231,10
image_2310,4
image_2313,4
image_2314,4
image_2316,4
image_2317,4
image_2318,4
image_2319,4
image_2321,4
image_2325,4
image_2329,4
image_2330,4
image_2331,4
image_2332,4
image_2335,4
image_2337,4
image_234,10
image_2341,4
image_2342,4
image_2344,4
image_2346,4
image_2348,4
image_2349,4
image_2351,4
image_2352,4
image_2353,4
image_2354,4
image_2356,4
image_2357,4
image_2359,4
image_236,10
image_2360,4
image_2361,4
image_2362,4
image_2363,4
image_2365,4
image_2366,4
image_2368,4
image_2369,4
image_237,10
image_2370,4
image_2374,4
image_2375,4
image_2376,4
image_2377,4
image_2378,4
image_2379,4
image_2382,4
image_2384,4
image_2385,4
image_2386,4
image_2388,4
image_2389,4
image_239,10
image_2390,4
image_2392,4
image_2394,4
image_2395,4
image_2396,4
image_2397,4
image_2398,4
image_2399,4
image_24,10
image_2400,4
image_2402,4
image_2405,4
image_2409,4
image_241,10
image_2411,4
image_2412,4
image_2415,4
image_2416,4
image_2418,4
image_2420,4
image_2422,4
image_2423,4
image_2426,4
image_2427,4
image_2428,4
image_2431,4
image_2433,4
image_2434,4
image_2435,4
image_2436,4
image_244,10
image_2441,4
image_2442,4
image_2444,4
image_2445,4
image_2447,4
image_2448,4
image_2454,4
image_2455,4
image_2457,4
image_2458,4
image_246,10
image_2460,4
image_2461,4
image_2463,4
image_2466,4
image_2467,4
image_2468,4
image_2469,4
image_247,10
image_2472,4
image_2475,4
image_2477,4
image_2479,4
image_248,10
image_2481,4
image_2483,4
image_2484,4
image_2485,4
image_2486,4
image_2489,4
image_249,10
image_2490,4
image_2491,4
image_2492,4
image_2493,4
image_2495,4
image_2496,4
image_2497,4
image_2498,4
image_2499,4
image_25,10
image_250,10
image_2501,5
image_2503,5
image_2507,5
image_2509,5
image_251,10
image_2512,5
image_2513,5
image_2516,5
image_2517,5
image_2518,5
image_2519,5
image_252,10
image_2521,5
image_2522,5
image_2527,5
image_2529,5
image_2531,5
image_2533,5
image_2534,5
image_2536,5
image_2537,5
image_2539,5
image_2540,5
image_2541,5
image_2544,5
image_2545,5
image_2546,5
image_2547,5
image_2548,5
image_2551,5
image_2553,5
image_2555,5
image_2556,5
image_2557,5
image_2558,5
image_256,10
image_2560,5
image_2561,5
image_2563,5
image_2566,5
image_2567,5
image_2569,5
image_257,10
image_2570,5
image_2571,5
image_2572,5
image_2573,5
image_2575,5
image_2576,5
image_2577,5
image_2578,5
image_2579,5
image_2580,5
image_2581,5
image_2582,5
image_2583,5
image_2584,5
image_2587,5
image_2588,5
image_2589,5
image_259,10
image_2590,5
image_2592,5
image_2593,5
image_2598,5
image_2600,5
image_2602,5
image_2603,5
image_2605,5
image_2606,5
image_2611,5
image_2612,5
image_2614,5
image_2616,5
image_2619,5
image_262,10
image_2620,5
image_2621,5
image_2622,5
image_2623,5
image_2624,5
image_2625,5
image_2627,5
image_263,10
image_2630,5
image_2631,5
image_2632,5
image_2633,5
image_2634,5
image_2635,5
image_2637,5
image_2638,5
image_2641,5
image_2642,5
image_2644,5
image_2645,5
image_2646,5
image_265,10
image_2650,5
image_2653,5
image_2655,5
image_266,10
image_2660,5
image_2661,5
image_2664,5
image_2665,5
image_2666,5
image_2667,5
image_2668,5
image_2669,5
image_2671,5
image_2673,5
image_2674,5
image_2676,5
image_2678,5
image_2680,5
image_2683,5
image_2684,5
image_2685,5
image_2686,5
image_2687,5
image_2689,5
image_2690,5
image_2692,5
image_2694,5
image_2695,5
image_2696,5
image_2697,5
image_2698,5
image_270,10
image_2701,5
image_2704,5
image_2706,5
image_2707,5
image_2708,5
image_2709,5
image_2712,5
image_2714,5
image_2715,5
image_2716,5
image_2718,5
image_272,10
image_2722,5
image_2723,5
image_2724,5
image_2725,5
image_2726,5
image_2729,5
image_2732,5
image_2733,5
image_2734,5
image_2735,5
image_2736,5
image_274,10
image_2740,5
image_2741,5
image_2742,5
image_2743,5
image_2744,5
image_2746,5
image_2747,5
image_2749,5
image_2750,5
image_2752,5
image_2756,5
image_2757,5
image_2762,5
image_2764,5
image_2765,5
image_2767,5
image_2768,5
image_2769,5
image_2771,5
image_2774,5
image_2777,5
image_2780,5
image_2783,5
image_2784,5
image_2786,5
image_2788,5
image_2790,5
image_2791,5
image_2796,5
image_2797,5
image_2798,5
image_2799,5
image_28,10
image_280,10
image_2801,5
image_2805,5
image_2809,5
image_2810,5
image_2812,5
image_2815,5
image_2816,5
image_2817,5
image_2819,5
image_282,10
image_2820,5
image_2821,5
image_2822,5
image_2823,5
image_2824,5
image_2825,5
image_2826,5
image_2827,5
image_2829,5
image_283,10
image_2830,5
image_2832,5
image_2833,5
image_2835,5
image_2836,5
image_2837,5
image_2839,5
image_2840,5
image_2843,5
image_2845,5
image_2849,5
image_2850,5
image_2851,5
image_2852,5
image_2854,5
image_2855,5
image_2857,5
image_2858,5
image_2859,5
image_2860,5
image_2861,5
image_2862,5
image_2863,5
image_2866,5
image_2869,5
image_287,10
image_2870,5
image_2871,5
image_2872,5
image_2875,5
image_2877,5
image_2878,5
image_2879,5
image_288,10
image_2882,5
image_2883,5
image_2884,5
image_2886,5
image_2888,5
image_2889,5
image_289,10
image_2890,5
image_2891,5
image_2894,5
image_2896,5
image_2897,5
image_2898,5
image_2899,5
image_2900,5
image_2901,5
image_2903,5
image_2904,5
image_2905,5
image_291,10
image_2910,5
image_2911,5
image_2913,5
image_2914,5
image_2918,5
image_2924,5
image_2926,5
image_2927,5
image_2929,5
image_293,10
image_2930,5
image_2931,5
image_2935,5
image_2937,5
image_2938,5
image_2940,5
image_2941,5
image_2942,5
image_2943,5
image_2944,5
image_2945,5
image_2947,5
image_2948,5
image_295,10
image_2951,5
image_2952,5
image_2954,5
image_2956,5
image_2958,5
image_2959,5
image_296,10
image_2961,5
image_2962,5
image_2963,5
image_2964,5
image_2966,5
image_2967,5
image_297,10
image_2971,5
image_2973,5
image_2975,5
image_2977,5
image_2978,5
image_2979,5
image_2980,5
image_2982,5
image_2986,5
image_2987,5
image_2988,5
image_2989,5
image_2990,5
image_2991,5
image_2993,5
image_2995,5
image_2997,5
image_2998,5
image_3,10
image_30,10
image_3001,6
image_3002,6
image_3003,6
image_3004,6
image_3005,6
image_3009,6
image_301,10
image_3012,6
image_3013,6
image_3015,6
image_3016,6
image_3018,6
image_3019,6
image_302,10
image_3022,6
image_3023,6
image_3024,6
image_3027,6
image_3028,6
image_3030,6
image_3033,6
image_3035,6
image_3038,6
image_3046,6
image_3047,6
image_3049,6
image_305,10
image_3053,6
image_3054,6
image_3055,6
image_3056,6
image_306,10
image_3062,6
image_3065,6
image_3069,6
image_307,10
image_3070,6
image_3072,6
image_3073,6
image_3075,6
image_3079,6
image_308,10
image_3081,6
image_3083,6
image_3085,6
image_3088,6
image_3089,6
image_309,10
image_3091,6
image_3092,6
image_3093,6
image_3094,6
image_3095,6
image_3096,6
image_3097,6
image_3098,6
image_31,10
image_3101,6
image_3103,6
image_3104,6
image_3105,6
image_3106,6
image_3107,6
image_3109,6
image_3111,6
image_3113,6
image_3114,6
image_3115,6
image_3117,6
image_3118,6
image_3119,6
image_312,10
image_3120,6
image_3122,6
image_3128,6
image_3129,6
image_313,10
image_3130,6
image_3133,6
image_3134,6
image_3137,6
image_3138,6
image_3139,6
image_314,10
image_3140,6
image_3141,6
image_3143,6
image_3144,6
image_3145,6
image_3146,6
image_3149,6
image_315,10
image_3151,6
image_3152,6
image_3155,6
image_3156,6
image_3157,6
image_3158,6
image_316,10
image_3161,6
image_3163,6
image_3164,6
image_3166,6
image_3167,6
image_3168,6
image_317,10
image_3170,6
image_3174,6
image_3177,6
image_3180,6
image_3181,6
image_3182,6
image_3184,6
image_3185,6
image_3187,6
image_3189,6
image_319,10
image_3190,6
image_3191,6
image_3192,6
image_3193,6
image_3194,6
image_3195,6
image_3197,6
image_32,10
image_320,10
image_3200,6
image_3201,6
image_3202,6
image_3203,6
image_3204,6
image_3205,6
image_3206,6
image_3207,6
image_3209,6
image_3210,6
image_3211,6
image_3214,6
image_3215,6
image_3216,6
image_3218,6
image_3219,6
image_3220,6
image_3221,6
image_3222,6
image_3225,6
image_3227,6
image_3229,6
image_3230,6
image_3231,6
image_3232,6
image_3233,6
image_3234,6
image_3235,6
image_3236,6
image_3237,6
image_3239,6
image_3241,6
image_3243,6
image_3244,6
image_3245,6
image_3246,6
image_3247,6
image_3248,6
image_3249,6
image_3250,6
image_3251,6
image_3254,6
image_3255,6
image_3258,6
image_3259,6
image_326,10
image_3260,6
image_3262,6
image_3263,6
image_3264,6
image_3266,6
image_3267,6
image_3268,6
image_3269,6
image_327,10
image_3271,6
image_3272,6
image_3273,6
image_3277,6
image_3278,6
image_328,10
image_3282,6
image_3283,6
image_3284,6
image_3285,6
image_3289,6
image_3291,6
image_3295,6
image_3296,6
image_3297,6
image_3298,6
image_3299,6
image_33,10
image_3300,6
image_3301,6
image_3302,6
image_3303,6
image_3308,6
image_3309,6
image_331,10
image_3310,6
image_3311,6
image_3314,6
image_3315,6
image_3316,6
image_3317,6
image_3318,6
image_3320,6
image_3321,6
image_3324,6
image_3325,6
image_3328,6
image_3330,6
image_3332,6
image_3336,6
image_3337,6
image_3339,6
image_334,10
image_3340,6
image_3341,6
image_3342,6
image_3343,6
image_3344,6
image_3345,6
image_3346,6
image_3347,6
image_3348,6
image_3349,6
image_3350,6
image_3352,6
image_3353,6
image_3354,6
image_336,10
image_3360,6
image_3362,6
image_3370,6
image_3373,6
image_3377,6
image_3378,6
image_3379,6
image_338,10
image_3381,6
image_3385,6
image_3386,6
image_3387,6
image_3388,6
image_3389,6
image_3391,6
image_3392,6
image_3393,6
image_3394,6
image_3396,6
image_34,10
image_3400,6
image_3407,6
image_3409,6
image_341,10
image_3410,6
image_3411,6
image_3412,6
image_3415,6
image_3417,6
image_3418,6
image_3421,6
image_3422,6
image_3423,6
image_3424,6
image_3427,6
image_3428,6
image_343,10
image_3430,6
image_3431,6
image_3432,6
image_3434,6
image_3436,6
image_3438,6
image_3439,6
image_344,10
image_3440,6
image_3442,6
image_3445,6
image_3446,6
image_3447,6
image_3449,6
image_3451,6
image_3454,6
image_3455,6
image_3456,6
image_3459,6
image_346,10
image_3460,6
image_3466,6
image_3467,6
image_3468,6
image_3469,6
image_347,10
image_3470,6
image_3473,6
image_3474,6
image_3475,6
image_3477,6
image_3478,6
image_3479,6
image_3481,6
image_3482,6
image_3483,6
image_3485,6
image_3486,6
image_3488,6
image_3489,6
image_3490,6
image_3492,6
image_3495,6
image_3496,6
image_3497,6
image_3499,6
image_35,10
image_350,10
image_3500,6
image_3504,7
image_3506,7
image_3508,7
image_3509,7
image_351,10
image_3510,7
image_3511,7
image_3512,7
image_3513,7
image_3514,7
image_3515,7
image_3516,7
image_3517,7
image_3519,7
image_352,10
image_3520,7
image_3521,7
image_3522,7
image_3524,7
image_3525,7
image_3526,7
image_3527,7
image_3528,7
image_353,10
image_3531,7
image_3533,7
image_3534,7
image_3535,7
image_3537,7
image_3538,7
image_3540,7
image_3542,7
image_3543,7
image_3545,7
image_3547,7
image_3548,7
image_3549,7
image_3551,7
image_3552,7
image_3553,7
image_3555,7
image_3557,7
image_3559,7
image_356,10
image_3560,7
image_3561,7
image_3567,7
image_357,10
image_3570,7
image_3572,7
image_3573,7
image_3574,7
image_3575,7
image_3577,7
image_358,10
image_3581,7
image_3585,7
image_3586,7
image_359,10
image_3590,7
image_3591,7
image_3592,7
image_3594,7
image_3596,7
image_3597,7
image_3598,7
image_3599,7
image_36,10
image_3600,7
image_3601,7
image_3603,7
image_3604,7
image_3605,7
image_3606,7
image_3608,7
image_361,10
image_3610,7
image_3611,7
image_3613,7
image_3616,7
image_3618,7
image_3623,7
image_3624,7
image_3625,7
image_3626,7
image_3628,7
image_3631,7
image_3632,7
image_3634,7
image_3635,7
image_3636,7
image_3638,7
image_3639,7
image_3642,7
image_3643,7
image_3644,7
image_3645,7
image_3648,7
image_3649,7
image_365,10
image_3652,7
image_3653,7
image_3657,7
image_3658,7
image_3659,7
image_366,10
image_3660,7
image_3661,7
image_3664,7
image_3666,7
image_3670,7
image_3671,7
image_3672,7
image_3678,7
image_3679,7
image_368,10
image_3680,7
image_3683,7
image_3685,7
image_3687,7
image_3688,7
image_3690,7
image_3691,7
image_3694,7
image_3696,7
image_3697,7
image_3699,7
image_37,10
image_370,10
image_3700,7
image_3702,7
image_3703,7
image_3705,7
image_3708,7
image_3709,7
image_371,10
image_3710,7
image_3711,7
image_3713,7
image_3715,7
image_3716,7
image_3717,7
image_3719,7
image_372,10
image_3720,7
image_3723,7
image_3724,7
image_3727,7
image_3728,7
image_3729,7
image_373,10
image_3730,7
image_3733,7
image_3735,7
image_3737,7
image_3739,7
image_374,10
image_3740,7
image_3741,7
image_3742,7
image_3743,7
image_3745,7
image_3746,7
image_3749,7
image_3750,7
image_3752,7
image_3754,7
image_3756,7
image_376,10
image_3761,7
image_3764,7
image_3766,7
image_3767,7
image_3768,7
image_377,10
image_3771,7
image_3775,7
image_3776,7
image_3777,7
image_3778,7
image_3779,7
image_3780,7
image_3781,7
image_3783,7
image_3784,7
image_3785,7
image_3787,7
image_3788,7
image_379,10
image_3791,7
image_3792,7
image_3793,7
image_3794,7
image_3795,7
image_3797,7
image_38,10
image_3801,7
image_3804,7
image_3807,7
image_381,10
image_3811,7
image_3813,7
image_3814,7
image_3816,7
image_3817,7
image_3819,7
image_3822,7
image_3823,7
image_3826,7
image_3827,7
image_3829,7
image_3830,7
image_3833,7
image_3835,7
image_3837,7
image_384,10
image_3840,7
image_3843,7
image_3845,7
image_3847,7
image_3849,7
image_3851,7
image_3852,7
image_3854,7
image_3855,7
image_3857,7
image_3858,7
image_386,10
image_3861,7
image_3863,7
image_3865,7
image_3867,7
image_3868,7
image_3869,7
image_3870,7
image_3872,7
image_3873,7
image_3875,7
image_3877,7
image_3879,7
image_388,10
image_3884,7
image_3885,7
image_3886,7
image_3888,7
image_3889,7
image_389,10
image_3891,7
image_3892,7
image_3893,7
image_3897,7
image_3898,7
image_3899,7
image_39,10
image_390,10
image_3901,7
image_3903,7
image_3906,7
image_3907,7
image_3909,7
image_391,10
image_3911,7
image_3912,7
image_3914,7
image_3915,7
image_3916,7
image_3922,7
image_3923,7
image_3929,7
image_393,10
image_3931,7
image_3933,7
image_3934,7
image_3936,7
image_3939,7
image_3940,7
image_3941,7
image_3947,7
image_3949,7
image_395,10
image_3950,7
image_3953,7
image_3954,7
image_3958,7
image_396,10
image_3960,7
image_3962,7
image_3963,7
image_3964,7
image_3965,7
image_3966,7
image_3969,7
image_397,10
image_3970,7
image_3971,7
image_3972,7
image_3973,7
image_3976,7
image_3977,7
image_3978,7
image_398,10
image_3980,7
image_3981,7
image_3982,7
image_3983,7
image_3984,7
image_3985,7
image_399,10
image_3990,7
image_3991,7
image_3992,7
image_3993,7
image_3995,7
image_3996,7
image_3997,7
image_3999,7
image_40,10
image_4000,7
image_4002,8
image_4004,8
image_4007,8
image_4008,8
image_4009,8
image_4010,8
image_4011,8
image_4015,8
image_4016,8
image_4017,8
image_4018,8
image_4019,8
image_402,10
image_4020,8
image_4022,8
image_4024,8
image_4025,8
image_4026,8
image_403,10
image_4031,8
image_4033,8
image_4036,8
image_4037,8
image_4038,8
image_4039,8
image_404,10
image_4041,8
image_4042,8
image_4043,8
image_4044,8
image_4045,8
image_4046,8
image_4047,8
image_4049,8
image_405,10
image_4054,8
image_4055,8
image_4056,8
image_4061,8
image_4062,8
image_4063,8
image_4064,8
image_4065,8
image_4066,8
image_4067,8
image_4068,8
image_4070,8
image_4072,8
image_4073,8
image_4075,8
image_4076,8
image_4078,8
image_4079,8
image_4080,8
image_4081,8
image_4082,8
image_4085,8
image_4086,8
image_4088,8
image_4089,8
image_409,10
image_4090,8
image_4091,8
image_4093,8
image_4094,8
image_4096,8
image_4097,8
image_4098,8
image_4101,8
image_4102,8
image_4103,8
image_4104,8
image_4105,8
image_4106,8
image_4107,8
image_4108,8
image_411,10
image_4110,8
image_4111,8
image_4112,8
image_4115,8
image_4116,8
image_4117,8
image_4118,8
image_4119,8
image_412,10
image_4121,8
image_4122,8
image_4124,8
image_4125,8
image_4126,8
image_4127,8
image_4128,8
image_4129,8
image_413,10
image_4130,8
image_4131,8
image_4132,8
image_4133,8
image_4136,8
image_4137,8
image_4138,8
image_4139,8
image_414,10
image_4141,8
image_4142,8
image_4144,8
image_4145,8
image_4149,8
image_415,10
image_4150,8
image_4151,8
image_4152,8
image_4153,8
image_4154,8
image_4155,8
image_4156,8
image_4158,8
image_416,10
image_4161,8
image_4162,8
image_4164,8
image_4167,8
image_4168,8
image_4169,8
image_4170,8
image_4173,8
image_4174,8
image_4176,8
image_4177,8
image_418,10
image_4181,8
image_4184,8
image_4185,8
image_4186,8
image_4187,8
image_4189,8
image_419,10
image_4191,8
image_4193,8
image_4194,8
image_4197,8
image_4198,8
image_42,10
image_420,10
image_4202,8
image_4203,8
image_4204,8
image_4205,8
image_4206,8
image_4207,8
image_4208,8
image_4209,8
image_421,10
image_4212,8
image_4214,8
image_4215,8
image_4218,8
image_4219,8
image_4220,8
image_4221,8
image_4225,8
image_4228,8
image_4229,8
image_4230,8
image_4231,8
image_4232,8
image_4233,8
image_4235,8
image_4236,8
image_4237,8
image_4238,8
image_4239,8
image_4241,8
image_4243,8
image_4245,8
image_4246,8
image_4248,8
image_4249,8
image_425,10
image_4250,8
image_4252,8
image_4253,8
image_4255,8
image_4257,8
image_4259,8
image_426,10
image_4260,8
image_4263,8
image_4264,8
image_4265,8
image_4267,8
image_4268,8
image_4270,8
image_4272,8
image_4273,8
image_4275,8
image_4276,8
image_4278,8
image_4279,8
image_428,10
image_4282,8
image_4283,8
image_4284,8
image_4285,8
image_4287,8
image_4288,8
image_429,10
image_4290,8
image_4291,8
image_4295,8
image_4296,8
image_4297,8
image_4298,8
image_4299,8
image_43,10
image_430,10
image_4301,8
image_4302,8
image_4304,8
image_4305,8
image_4306,8
image_4307,8
image_4308,8
image_4310,8
image_4311,8
image_4313,8
image_4314,8
image_4319,8
image_4321,8
image_4323,8
image_4324,8
image_4325,8
image_4326,8
image_4327,8
image_4328,8
image_4329,8
image_4331,8
image_4334,8
image_4335,8
image_4337,8
image_4338,8
image_4340,8
image_4341,8
image_4342,8
image_4343,8
image_4344,8
image_4347,8
image_4348,8
image_4349,8
image_435,10
image_4352,8
image_4358,8
image_4359,8
image_4361,8
image_4364,8
image_4366,8
image_4367,8
image_4369,8
image_437,10
image_4370,8
image_4371,8
image_4373,8
image_4375,8
image_4376,8
image_4377,8
image_4381,8
image_4386,8
image_4387,8
image_4388,8
image_4389,8
image_4390,8
image_4391,8
image_4392,8
image_4394,8
image_4398,8
image_44,10
image_440,10
image_4401,8
image_4402,8
image_4403,8
image_4406,8
image_4407,8
image_4408,8
image_4409,8
image_4410,8
image_4411,8
image_4412,8
image_4413,8
image_4415,8
image_4417,8
image_4418,8
image_442,10
image_4422,8
image_4425,8
image_4426,8
image_4427,8
image_4429,8
image_443,10
image_4431,8
image_4432,8
image_4436,8
image_4440,8
image_4441,8
image_4442,8
image_4443,8
image_4447,8
image_4448,8
image_4451,8
image_4452,8
image_4454,8
image_4455,8
image_4458,8
image_4461,8
image_4463,8
image_4464,8
image_4465,8
image_4466,8
image_4467,8
image_4468,8
image_4469,8
image_447,10
image_4470,8
image_4471,8
image_4473,8
image_4474,8
image_4476,8
image_4477,8
image_448,10
image_4480,8
image_4482,8
image_4483,8
image_4484,8
image_4486,8
image_4488,8
image_4489,8
image_449,10
image_4490,8
image_4494,8
image_4496,8
image_4498,8
image_4499,8
image_45,10
image_4501,9
image_4505,9
image_4506,9
image_451,10
image_4510,9
image_4512,9
image_4513,9
image_4514,9
image_4515,9
image_4517,9
image_4519,9
image_452,10
image_4520,9
image_4524,9
image_4525,9
image_4526,9
image_4527,9
image_4529,9
image_453,10
image_4530,9
image_4533,9
image_4534,9
image_4536,9
image_4538,9
image_4539,9
image_4540,9
image_4541,9
image_4542,9
image_4543,9
image_4545,9
image_4546,9
image_4548,9
image_4549,9
image_4550,9
image_4551,9
image_4552,9
image_4553,9
image_4554,9
image_4557,9
image_4558,9
image_4559,9
image_456,10
image_4563,9
image_4564,9
image_4565,9
image_4566,9
image_4567,9
image_4569,9
image_4570,9
image_4572,9
image_4576,9
image_4578,9
image_4579,9
image_458,10
image_4580,9
image_4582,9
image_4584,9
image_4586,9
image_4588,9
image_459,10
image_4591,9
image_4593,9
image_4594,9
image_4596,9
image_4597,9
image_4598,9
image_4599,9
image_46,10
image_460,10
image_4603,9
image_4604,9
image_4606,9
image_4610,9
image_4611,9
image_4612,9
image_4617,9
image_4619,9
image_462,10
image_4621,9
image_4622,9
image_4623,9
image_4624,9
image_4625,9
image_4626,9
image_4629,9
image_463,10
image_4630,9
image_4633,9
image_4634,9
image_4635,9
image_4636,9
image_4637,9
image_4638,9
image_4639,9
image_464,10
image_4640,9
image_4641,9
image_4647,9
image_4650,9
image_4653,9
image_4654,9
image_4655,9
image_4659,9
image_466,10
image_4664,9
image_4665,9
image_4666,9
image_4669,9
image_467,10
image_4670,9
image_4671,9
image_4673,9
image_4674,9
image_4677,9
image_4679,9
image_468,10
image_4680,9
image_4681,9
image_4682,9
image_4683,9
image_4685,9
image_4689,9
image_469,10
image_4691,9
image_4692,9
image_4696,9
image_47,10
image_470,10
image_4700,9
image_4701,9
image_4702,9
image_4703,9
image_4704,9
image_4705,9
image_4706,9
image_4707,9
image_4708,9
image_4709,9
image_471,10
image_4710,9
image_4711,9
image_4712,9
image_4716,9
image_4718,9
image_472,10
image_4720,9
image_4722,9
image_4723,9
image_4724,9
image_4727,9
image_473,10
image_4730,9
image_4732,9
image_4733,9
image_4735,9
image_4736,9
image_4739,9
image_474,10
image_4740,9
image_4742,9
image_4744,9
image_4745,9
image_4747,9
image_4749,9
image_4752,9
image_4753,9
image_4755,9
image_4757,9
image_4758,9
image_4760,9
image_4763,9
image_4765,9
image_4767,9
image_4768,9
image_477,10
image_4775,9
image_4776,9
image_4778,9
image_478,10
image_4780,9
image_4781,9
image_4782,9
image_4783,9
image_4784,9
image_4785,9
image_4787,9
image_4788,9
image_4789,9
image_4791,9
image_4793,9
image_4797,9
image_4799,9
image_48,10
image_480,10
image_4803,9
image_4805,9
image_4807,9
image_4808,9
image_4810,9
image_4811,9
image_4812,9
image_4813,9
image_4817,9
image_4818,9
image_4819,9
image_482,10
image_4821,9
image_4824,9
image_4826,9
image_4827,9
image_4828,9
image_4829,9
image_4835,9
image_4836,9
image_4837,9
image_4839,9
image_484,10
image_4840,9
image_4842,9
image_4843,9
image_4844,9
image_4845,9
image_4846,9
image_4847,9
image_4851,9
image_4852,9
image_4856,9
image_4859,9
image_486,10
image_4860,9
image_4862,9
image_4863,9
image_4865,9
image_4868,9
image_487,10
image_4870,9
image_4871,9
image_4875,9
image_4877,9
image_4878,9
image_4879,9
image_488,10
image_4880,9
image_4881,9
image_4882,9
image_4885,9
image_4887,9
image_4889,9
image_489,10
image_4891,9
image_4892,9
image_4893,9
image_4895,9
image_4897,9
image_4900,9
image_4901,9
image_4902,9
image_4903,9
image_4904,9
image_4905,9
image_4907,9
image_491,10
image_4911,9
image_4912,9
image_4913,9
image_4914,9
image_4915,9
image_4917,9
image_492,10
image_4922,9
image_4925,9
image_4926,9
image_4927,9
image_4928,9
image_493,10
image_4931,9
image_4933,9
image_4935,9
image_4936,9
image_4937,9
image_4938,9
image_494,10
image_4941,9
image_4942,9
image_4943,9
image_4944,9
image_4945,9
image_4947,9
image_4949,9
image_495,10
image_4950,9
image_4952,9
image_4953,9
image_4954,9
image_4955,9
image_4956,9
image_4960,9
image_4961,9
image_4962,9
image_4963,9
image_4964,9
image_4965,9
image_4967,9
image_4968,9
image_497,10
image_4970,9
image_4971,9
image_4972,9
image_4973,9
image_4974,9
image_4975,9
image_4976,9
image_4977,9
image_4978,9
image_498,10
image_4980,9
image_4981,9
image_4983,9
image_4985,9
image_4986,9
image_4988,9
image_499,10
image_4992,9
image_4996,9
image_4997,9
image_4998,9
image_4999,9
image_5000,9
image_501,1
image_503,1
image_506,1
image_507,1
image_510,1
image_512,1
image_513,1
image_516,1
image_517,1
image_52,10
image_520,1
image_521,1
image_522,1
image_523,1
image_527,1
image_528,1
image_53,10
image_532,1
image_534,1
image_544,1
image_545,1
image_546,1
image_547,1
image_550,1
image_551,1
image_552,1
image_554,1
image_555,1
image_557,1
image_559,1
image_56,10
image_562,1
image_563,1
image_566,1
image_567,1
image_570,1
image_571,1
image_574,1
image_575,1
image_576,1
image_577,1
image_578,1
image_579,1
image_582,1
image_583,1
image_584,1
image_585,1
image_587,1
image_588,1
image_589,1
image_59,10
image_597,1
image_598,1
image_599,1
image_6,10
image_60,10
image_600,1
image_601,1
image_602,1
image_606,1
image_607,1
image_608,1
image_609,1
image_61,10
image_610,1
image_612,1
image_616,1
image_619,1
image_62,10
image_621,1
image_622,1
image_623,1
image_624,1
image_626,1
image_627,1
image_628,1
image_63,10
image_630,1
image_631,1
image_632,1
image_634,1
image_635,1
image_636,1
image_638,1
image_64,10
image_641,1
image_642,1
image_643,1
image_644,1
image_645,1
image_646,1
image_648,1
image_649,1
image_65,10
image_653,1
image_654,1
image_655,1
image_656,1
image_657,1
image_658,1
image_66,10
image_662,1
image_663,1
image_665,1
image_668,1
image_669,1
image_670,1
image_671,1
image_673,1
image_674,1
image_675,1
image_678,1
image_68,10
image_680,1
image_681,1
image_682,1
image_683,1
image_684,1
image_687,1
image_688,1
image_689,1
image_69,10
image_691,1
image_693,1
image_695,1
image_696,1
image_697,1
image_699,1
image_7,10
image_701,1
image_703,1
image_705,1
image_707,1
image_708,1
image_71,10
image_711,1
image_712,1
image_713,1
image_714,1
image_715,1
image_718,1
image_72,10
image_720,1
image_721,1
image_722,1
image_724,1
image_726,1
image_727,1
image_730,1
image_731,1
image_732,1
image_734,1
image_736,1
image_737,1
image_739,1
image_740,1
image_742,1
image_743,1
image_746,1
image_748,1
image_75,10
image_751,1
image_752,1
image_753,1
image_756,1
image_758,1
image_759,1
image_76,10
image_761,1
image_763,1
image_767,1
image_77,10
image_770,1
image_772,1
image_773,1
image_775,1
image_778,1
image_779,1
image_78,10
image_781,1
image_782,1
image_784,1
image_785,1
image_789,1
image_790,1
image_791,1
image_793,1
image_794,1
image_795,1
image_798,1
image_799,1
image_8,10
image_80,10
image_800,1
image_803,1
image_804,1
image_809,1
image_81,10
image_810,1
image_812,1
image_813,1
image_814,1
image_815,1
image_817,1
image_818,1
image_819,1
image_82,10
image_820,1
image_821,1
image_822,1
image_824,1
image_825,1
image_826,1
image_827,1
image_832,1
image_833,1
image_841,1
image_843,1
image_844,1
image_846,1
image_847,1
image_849,1
image_85,10
image_850,1
image_852,1
image_854,1
image_855,1
image_856,1
image_859,1
image_86,10
image_860,1
image_861,1
image_863,1
image_864,1
image_87,10
image_870,1
image_871,1
image_872,1
image_873,1
image_874,1
image_875,1
image_877,1
image_880,1
image_881,1
image_884,1
image_885,1
image_886,1
image_887,1
image_889,1
image_89,10
image_891,1
image_892,1
image_894,1
image_895,1
image_896,1
image_899,1
image_900,1
image_901,1
image_904,1
image_905,1
image_906,1
image_907,1
image_908,1
image_909,1
image_910,1
image_912,1
image_914,1
image_915,1
image_919,1
image_92,10
image_921,1
image_922,1
image_923,1
image_925,1
image_928,1
image_929,1
image_93,10
image_932,1
image_933,1
image_934,1
image_935,1
image_938,1
image_939,1
image_94,10
image_940,1
image_941,1
image_944,1
image_945,1
image_946,1
image_948,1
image_949,1
image_95,10
image_950,1
image_951,1
image_952,1
image_953,1
image_956,1
image_957,1
image_959,1
image_96,10
image_960,1
image_966,1
image_967,1
image_969,1
image_970,1
image_972,1
image_973,1
image_975,1
image_977,1
image_979,1
image_980,1
image_983,1
image_984,1
image_985,1
image_986,1
image_987,1
image_989,1
image_99,10
image_991,1
image_993,1
image_994,1
image_996,1
image_997,1
